Product ID,Product Name ,Category,Similar Products ,Paperback Price,Genre,Author
B1,Outliers: The Story of Success,Book ,B2,283,Non-fiction,Malcolm Gladwell
B2,Sapiens: A Brief History of Humankind,Book ,"B9, B11",254,Non-fiction,Yuval Noah Harari
B3,Blink: The Power of Thinking Without Thinking,Book ,B1,340,Non-fiction,Malcolm Gladwell
B4,South of the Border West of the Sun,Book ,"B5, B10",354," Novel, Romance novel, Fiction",Haruki Murakami
B5,Norwegian Wood,Book ,"B4, B10",205,"Novel, Fiction, Romance novel, Bildungsroman",Haruki Murakami
B6,Factfulness,Book ,B7,,Non-fiction,
B7,Freakonomics: A Rogue Economist Explores the Hidden Side of Everything,Book ,B6,171,Non-fiction," Steven D. Levitt, Stephen J. Dubner"
B8,Naked Statistics,Book ,NA,968,Non-fiction,Charles Wheelan
B9,Homo Deus: A Brief History of Tomorrow,Book ,"B2, B11",202,Non-fiction,Yuval Noah Harari
B10,Kafka on the Shore,Book ,"B4, B5",225,"Novel, Magical Realism, Fantasy Fiction",Haruki Murakami
B11,21 Lessons for the 21st Century,Book ,"B2, B9",315,Non-fiction,Yuval Noah Harari